"filename", "language", "C++", "comment", "blank", "total"
"c:\Users\ianwh\Projects\Pager\platformio_workspace\meshtastic\firmware\src\modules\exploiteers_pager\apps\dialog\dialog_window.h", "C++", 1, 0, 0, 1
"c:\Users\ianwh\Projects\Pager\platformio_workspace\meshtastic\firmware\src\modules\exploiteers_pager\apps\launcher\launcher_window.cpp", "C++", 12, 0, 3, 15
"c:\Users\ianwh\Projects\Pager\platformio_workspace\meshtastic\firmware\src\modules\exploiteers_pager\apps\launcher\launcher_window.h", "C++", -1, -7, -5, -13
"c:\Users\ianwh\Projects\Pager\platformio_workspace\meshtastic\firmware\src\modules\exploiteers_pager\apps\nodeinfo\nodeinfo_window.cpp", "C++", 18, 0, 13, 31
"c:\Users\ianwh\Projects\Pager\platformio_workspace\meshtastic\firmware\src\modules\exploiteers_pager\apps\nodeinfo\nodeinfo_window.h", "C++", 18, 0, 9, 27
"c:\Users\ianwh\Projects\Pager\platformio_workspace\meshtastic\firmware\src\modules\exploiteers_pager\apps\pcap\pcap_window.cpp", "C++", 35, 0, 3, 38
"c:\Users\ianwh\Projects\Pager\platformio_workspace\meshtastic\firmware\src\modules\exploiteers_pager\apps\pcap\pcap_window.h", "C++", 2, 0, 1, 3
"c:\Users\ianwh\Projects\Pager\platformio_workspace\meshtastic\firmware\src\modules\exploiteers_pager\packetcapture\packet_capture.cpp", "C++", 58, 2, 8, 68
"c:\Users\ianwh\Projects\Pager\platformio_workspace\meshtastic\firmware\src\modules\exploiteers_pager\packetcapture\packet_capture.h", "C++", -43, -1, -9, -53
"c:\Users\ianwh\Projects\Pager\platformio_workspace\meshtastic\firmware\src\modules\exploiteers_pager\window.h", "C++", 1, 0, 1, 2
"Total", "-", 101, -6, 24, 119